ivana /home/ivana
noelb /home/noelb
ilyassb /home/ilyassb
germanb /home/germanb
miguelc /home/miguelc
bernardoc /home/bernardoc
lourdesc /home/lourdesc
rubeniedidiad /home/rubeniedidiad
volodymyrd /home/volodymyrd
mohammede /home/mohammede
mariame /home/mariame
pablof /home/pablof
ismaelg /home/ismaelg
cristinag /home/cristinag
davidg /home/davidg
cristianjorgej /home/cristianjorgej
amall /home/amall
danielm /home/danielm
joseluism /home/joseluism
sergiom /home/sergiom
gabrieln /home/gabrieln
antonijeraldp /home/antonijeraldp
antoniojavierp /home/antoniojavierp
samuelp /home/samuelp
albertop /home/albertop
javierp /home/javierp
yulianr /home/yulianr
andyeverr /home/andyeverr
eliass /home/eliass
